"first_name","last_name","hire_date"
"Eran","Cusworth","1986-11-14"
"Bojan","Zallocco","1986-10-14"
"Nevio","Demizu","1986-05-18"
"Ziva","Vecchi","1986-07-03"
"Mohit","Speek","1986-01-14"
"Qunsheng","Speer","1986-02-13"
"Dines","Encarnacion","1986-08-02"
"Harngdar","Swick","1986-05-28"
"Freyja","Uhrig","1986-12-20"
"Zhenhua","Milicic","1986-08-04"
"Bowen","Schmezko","1986-05-30"
"Reuven","Munke","1986-04-13"
"Stabislas","Domenig","1986-08-04"
"Juichirou","Jumpertz","1986-09-18"
"Juichirou","Ghelli","1986-12-13"
"Shmuel","Georg","1986-11-30"
"Xiadong","Bach","1986-04-29"
"Guangming","Butterworth","1986-10-01"
"Irene","Setia","1986-08-10"
"Shuichi","Swiler","1986-06-08"
"Terresa","Perez","1986-09-12"
"Lidong","Borovoy","1986-05-30"
"Teiji","Eickenmeyer","1986-09-03"
"Baocai","Kroha","1986-10-27"
"Morrie","Sridhar","1986-03-04"
"Taegyun","Speckmann","1986-12-28"
"Stabislas","McFarlin","1986-07-19"
"Apostol","Ghelli","1986-04-07"
"Khun","Kuszyk","1986-06-30"
"Conor","Flanders","1986-02-21"
"Radhakrishnan","Albarhamtoshy","1986-05-07"
"Shigeu","Denna","1986-04-10"
"Uta","Frolund","1986-01-22"
"Zhiwei","Kaminger","1986-07-04"
"Sven","Krider","1986-09-25"
"Yannik","Vakili","1986-11-09"
"Khatoun","Zeilberger","1986-01-31"
"Fox","Erva","1986-05-06"
"Huai","Birrer","1986-03-28"
"Kristine","Litzler","1986-01-09"
"Eirik","Farrel","1986-09-19"
"Wayne","Levergood","1986-05-05"
"Chrisa","Cullers","1986-01-28"
"Manton","Perko","1986-06-18"
"Etsuo","Ratzlaff","1986-01-15"
"Odysseas","Erie","1986-02-06"
"Ingmar","Lambe","1986-10-21"
"Marin","Ashish","1986-07-11"
"JiYoung","Delaune","1986-09-04"
"Sandeepan","Sidou","1986-01-19"
"Neven","Leivant","1986-09-02"
"Sarita","Hofting","1986-07-03"
"Kolar","Karunanithi","1986-12-06"
"Shmuel","Impagliazzo","1986-02-19"
"Bedrich","Delaune","1986-04-06"
"Susanne","Asser","1986-08-05"
"Syozo","Sommen","1986-03-25"
"Ashish","Ventosa","1986-08-14"
"Ingmar","Pollacia","1986-08-21"
"Shrikanth","Ramalingam","1986-03-10"
"Rimli","Mahnke","1986-04-17"
"Adib","Chepyzhov","1986-11-10"
"Florina","Kavvadias","1986-12-14"
"Kiyomitsu","Bottner","1986-11-07"
"Berni","Thorelli","1986-08-05"
"Fumiya","Vilarrasa","1986-06-27"
"Remzi","Speckmann","1986-11-05"
"Georgi","Middleton","1986-11-24"
"Zejun","Anandan","1986-03-19"
"Kamakshi","Lipner","1986-08-17"
"Hyuncheol","Chaudhuri","1986-07-09"
"Chandrasekaran","Kaiser","1986-12-30"
"Bedir","Bashian","1986-10-05"
"Takahira","Spieker","1986-06-05"
"Krassimir","Sgarro","1986-08-04"
"Maya","Ghemri","1986-06-12"
"Eishiro","Dichev","1986-04-29"
"Hausi","Kambil","1986-07-03"
"Feipei","Clouatre","1986-03-05"
"Susumu","Kuszyk","1986-12-12"
"Stein","Kulisch","1986-06-11"
"Gen","Lundstrom","1986-05-29"
"Reinhard","Serre","1986-07-14"
"Alain","Fujisaki","1986-04-07"
"Alain","Dratva","1986-04-23"
"Claudi","Spieker","1986-04-23"
"Dulce","Ebeling","1986-03-18"
"Jayson","Perri","1986-03-23"
"Steen","Hofman","1986-10-08"
"Mads","Legleitner","1986-07-11"
"Gio","Schauser","1986-10-23"
"Takanari","Beznosov","1986-06-10"
"Gita","Dichev","1986-11-01"
"Barna","Mamelak","1986-01-17"
"Junsik","Sinitsyn","1986-11-21"
"Snehasis","Anily","1986-03-03"
"Behnaam","Schwartzbauer","1986-10-17"
"Shem","Petersohn","1986-07-08"
"Mokhtar","Chiodo","1986-04-06"
"Serif","Streit","1986-03-17"
"Teiji","Marrakchi","1986-08-26"
"Nathan","Denny","1986-09-16"
"Hauke","Giaccio","1986-12-12"
"Aral","Baik","1986-03-29"
"Seongbin","Poupard","1986-09-29"
"Tze","Chinin","1986-09-22"
"Joydip","Terkki","1986-03-01"
"Jeanne","Zlotek","1986-09-03"
"Mikhail","Karner","1986-05-15"
"Guenter","Schneeberger","1986-04-20"
"Boriana","Mukaidono","1986-08-27"
"Kristen","Avouris","1986-09-13"
"Insup","Copas","1986-01-03"
"Mayumi","Wuwongse","1986-11-20"
"Dipankar","Riesenhuber","1986-11-25"
"Shichao","Syrzycki","1986-01-10"
"Marin","Sidje","1986-10-24"
"Boguslaw","Luks","1986-05-07"
"Shigeu","Kieras","1986-01-30"
"Isamu","Kobuchi","1986-02-02"
"Xuedong","Sgarro","1986-12-24"
"Ghassan","Walston","1986-06-15"
"Armond","Karunanithi","1986-11-13"
"Munehiko","Beznosov","1986-01-03"
"Kristen","Salverda","1986-07-29"
"Kwok","Valiente","1986-12-30"
"Mikhail","Salvesen","1986-08-09"
"Jaques","Usery","1986-01-11"
"Gunilla","Legleitner","1986-11-15"
"Ibibia","Dayang","1986-01-29"
"Richard","Godskesen","1986-03-22"
"Rimli","Bellone","1986-02-03"
"Hisao","Lodder","1986-05-08"
"Pascal","Leslie","1986-12-22"
"Jianwen","Baranowski","1986-05-09"
"Gennadi","Beznosov","1986-06-25"
"Serge","Sifakis","1986-06-07"
"Yuuichi","Sadowski","1986-02-22"
"Filipe","Ramamoorthy","1986-11-02"
"Billur","Fiutem","1986-06-11"
"Vidya","Dymetman","1986-01-01"
"Sigeru","Langford","1986-05-17"
"Marjo","Cools","1986-12-04"
"Boriana","Wendorf","1986-10-06"
"Shai","Olano","1986-11-15"
"Boalin","Zhang","1986-12-23"
"Mario","Narahari","1986-02-12"
"Naftali","Syang","1986-01-28"
"Lijia","Birta","1986-02-01"
"Uli","Ranum","1986-02-26"
"Gay","Khamsi","1986-05-27"
"Arne","Geffroy","1986-09-07"
"Mrinalini","Muntz","1986-04-28"
"Feipei","Ligten","1986-04-29"
"Charlene","Fabrizio","1986-02-13"
"Kazuyasu","Pileggi","1986-01-16"
"Temple","Zastre","1986-07-22"
"Guther","Huxford","1986-11-20"
"Yinghua","Petersohn","1986-09-25"
"Steve","Munoz","1986-12-10"
"Mads","Ramalingam","1986-08-01"
"Xuedong","Fujisaki","1986-03-09"
"Beshir","Serre","1986-12-08"
"Ottavia","Perl","1986-07-01"
"Abdelwaheb","Basawa","1986-10-28"
"Xuedong","Rossi","1986-04-12"
"Shawna","Leuchs","1986-09-08"
"Harngdar","Gire","1986-02-11"
"Constantine","Hedayat","1986-12-02"
"Barton","Jenevein","1986-03-24"
"Clyde","Perly","1986-09-10"
"Yunming","Papsdorf","1986-12-29"
"Tsz","Suppi","1986-03-08"
"Georgi","Osgood","1986-10-26"
"Sandeepan","Sessa","1986-06-22"
"Ramzi","Thiria","1986-12-14"
"Demos","Bahi","1986-10-05"
"Boriana","Lunn","1986-08-06"
"Ziya","Cronau","1986-09-14"
"Lalit","Pellegrinelli","1986-08-29"
"Sedat","Kuhnemann","1986-06-02"
"Shay","Ranon","1986-10-06"
"Mansur","Weiland","1986-07-19"
"Zhanqiu","Merkl","1986-07-21"
"Samphel","Tchuente","1986-06-23"
"Gao","Zizka","1986-10-24"
"Masali","Dichev","1986-02-02"
"Yurii","Tetzlaff","1986-12-26"
"Adin","Kleiser","1986-08-28"
"Conor","Hofting","1986-07-03"
"Petter","Serra","1986-07-05"
"Jamaludin","Remmele","1986-06-14"
"Vasilii","Karunanithi","1986-10-15"
"Boutros","Lorys","1986-07-15"
"Jiakeng","Suermann","1986-08-07"
"Petter","Thummel","1986-09-16"
"Kwok","Puoti","1986-08-27"
"Lihong","Munke","1986-04-13"
"Khue","Ramsak","1986-08-10"
"Udo","Tetzlaff","1986-04-09"
"Christoph","Stavenow","1986-04-12"
"Yuichiro","Lund","1986-01-28"
"Danel","Danecki","1986-05-04"
"Kenroku","Piazza","1986-11-02"
"Lijia","Selvestrel","1986-05-31"
"Bodo","Bergere","1986-05-14"
"Shridhar","Krychniak","1986-11-02"
"Maik","Sevcikova","1986-04-12"
"Temple","Alpin","1986-08-31"
"Arnould","Farrar","1986-03-01"
"Arco","Granlund","1986-11-22"
"Quingbo","Leijenhorst","1986-02-17"
"Wojceich","Benveniste","1986-06-23"
"Charlene","Steenbeek","1986-07-19"
"Fumino","Biran","1986-02-10"
"Youssef","Zeidenstein","1986-10-26"
"Danae","Hebert","1986-10-11"
"Teruyuki","Angelov","1986-11-08"
"Maren","Parascandalo","1986-07-06"
"JoAnne","Caine","1986-10-15"
"Jayson","Zumaque","1986-02-26"
"Hilary","Ghazalie","1986-05-04"
"Pradeep","Genther","1986-11-25"
"Woody","Guerreiro","1986-10-09"
"Kensei","Gist","1986-12-17"
"Zvonko","Boguraev","1986-12-28"
"Yongmin","Kusakabe","1986-01-26"
"Lihong","Zwicker","1986-09-03"
"Dietrich","Farrow","1986-02-16"
"Rosalyn","Picaronny","1986-12-07"
"Jingling","Schaaf","1986-06-29"
"Wojceich","Bugaenko","1986-09-03"
"Gill","Liesche","1986-02-27"
"Yoshimitsu","Sgarro","1986-08-26"
"Toong","Mitchem","1986-02-05"
"Hercules","Ghalwash","1986-10-12"
"Keiichiro","Szilard","1986-08-05"
"Kellyn","Brookman","1986-03-25"
"Monique","Radwan","1986-09-10"
"Souichi","Fasbender","1986-12-11"
"Xiping","Sewelson","1986-09-16"
"Gil","Teitelbaum","1986-07-16"
"Jaideep","Whittlesey","1986-09-30"
"Hilari","Fairtlough","1986-11-11"
"Zejun","Massonet","1986-10-20"
"Amstein","Kugler","1986-09-02"
"Atreyi","Rousseau","1986-04-13"
"Behnaam","Docker","1986-02-25"
"Duangkaew","Baaz","1986-12-17"
"Shigehito","Matzat","1986-08-07"
"Giordano","Bultermann","1986-06-01"
"Ute","Ferriere","1986-12-01"
"Fuqing","Valette","1986-03-10"
"Avishai","Brodie","1986-05-10"
"Vishwani","Thorensen","1986-07-19"
"Shugo","Reghbati","1986-11-10"
"Roselyn","Rosin","1986-02-16"
"Ayakannu","Krogh","1986-08-02"
"Qunsheng","Hanratty","1986-12-14"
"Sven","Veccia","1986-03-07"
"Ennio","Eterovic","1986-12-16"
"Sadegh","Katalagarianos","1986-01-28"
"Neelam","Camurati","1986-01-31"
"Mani","Bolsens","1986-04-04"
"Ohad","Sridhar","1986-08-05"
"Suzette","Schneeberger","1986-11-23"
"Mizuhito","Heping","1986-11-11"
"Paraskevi","Merlo","1986-05-02"
"Arunachalam","Milicia","1986-10-27"
"Nechama","Yeung","1986-02-02"
"Alselm","Foote","1986-05-01"
"Tsutomu","Baik","1986-04-22"
"Leni","Osgood","1986-08-05"
"Petter","Talmon","1986-08-17"
"Mang","Basawa","1986-02-10"
"Basem","Smailagic","1986-11-09"
"Takahira","Kusalik","1986-12-06"
"Berthier","Pietrzykowski","1986-06-30"
"Oldrich","Rotem","1986-03-06"
"Kerhong","Rothenberg","1986-03-07"
"Deborah","Ferretti","1986-12-17"
"Xiaobin","Kitsuregawa","1986-06-30"
"Dekang","Prampolini","1986-11-17"
"Maria","Taubenfeld","1986-12-15"
"Mohan","Sadowski","1986-07-30"
"Xinyu","Heusch","1986-04-21"
"Ioana","Gecsei","1986-03-11"
"Alejandra","Doering","1986-02-24"
"Arup","Hemaspaandra","1986-05-18"
"Leon","Ruther","1986-02-17"
"Yuping","Hofman","1986-09-03"
"Mani","Barreiro","1986-12-25"
"Tonia","Jenevein","1986-09-25"
"Kristin","Schlegelmilch","1986-01-21"
"Maren","Hellwagner","1986-05-08"
"Bodo","Schade","1986-02-14"
"Eckart","Burnard","1986-12-30"
"Stepehn","Luca","1986-10-09"
"Fabrizio","Erol","1986-02-28"
"Lokesh","Kulisch","1986-04-22"
"Abdelkader","Welham","1986-08-12"
"Khun","Kobara","1986-01-11"
"Jackson","Lorch","1986-12-05"
"Gal","Melski","1986-10-12"
"Xuejun","Baig","1986-05-30"
"Amalendu","Gronowski","1986-12-26"
"Aamer","Belinskaya","1986-12-13"
"Jaideep","Chinal","1986-04-30"
"Kazuhira","Holburn","1986-11-04"
"Masaki","Cyre","1986-09-20"
"Kiyokazu","Copas","1986-08-24"
"Theron","Aamodt","1986-03-16"
"Takushi","Georg","1986-02-13"
"Aiichiro","Poupard","1986-05-30"
"Alassane","Conte","1986-07-31"
"Jamaludin","Masamoto","1986-01-26"
"Shahid","Tanemo","1986-05-29"
"Oksana","Riesenhuber","1986-06-05"
"Xuejun","Marrevee","1986-09-03"
"Youngkon","Kugler","1986-06-24"
"Mohan","Auyong","1986-02-05"
"Jiafu","Gulak","1986-05-13"
"Piyawadee","England","1986-06-06"
"Genta","Baca","1986-08-21"
"Gil","Roisin","1986-10-15"
"Parke","Marquardt","1986-04-29"
"Boguslaw","Wolniewicz","1986-08-26"
"Jinpo","Pusterhofer","1986-04-19"
"Junsik","Griswold","1986-05-30"
"Oldrich","Holburn","1986-05-31"
"Manu","Ellozy","1986-11-18"
"Kankanahalli","Tokunaga","1986-11-14"
"Leaf","Soicher","1986-08-21"
"Tua","Kadhim","1986-09-01"
"Bojan","Diderrich","1986-04-16"
"Haldon","Schoegge","1986-06-07"
"Radhakrishnan","Antonisse","1986-09-12"
"Abdelaziz","Klyachko","1986-01-20"
"Elvis","Kohling","1986-02-25"
"Frederique","Toyoshima","1986-05-03"
"Otilia","Ritzmann","1986-06-22"
"Sumant","Rossi","1986-03-27"
"Takahiro","Shinomoto","1986-04-30"
"Olivera","Langford","1986-02-19"
"Laurentiu","Halevi","1986-06-17"
"Herb","Gewali","1986-11-11"
"Renny","Zuberek","1986-08-01"
"Taiji","Segond","1986-06-23"
"Xinan","Yamaashi","1986-01-29"
"Kaijung","Raney","1986-10-16"
"Bader","Pellegrinelli","1986-11-19"
"Reuven","Asmuth","1986-12-20"
"Christoph","Gulik","1986-02-17"
"Boaz","Belinskaya","1986-03-16"
"Mayumi","Czap","1986-01-16"
"Marla","Baar","1986-06-16"
"Conrado","Deville","1986-06-04"
"Giri","Basagni","1986-11-14"
"Torsten","Lienhardt","1986-08-19"
"Gila","Lamma","1986-07-17"
"Christoper","Shackel","1986-06-03"
"Mari","Waschkowski","1986-05-05"
"Maris","Dratva","1986-11-04"
"Wanqing","Vidal","1986-04-28"
"Niclas","Buchter","1986-03-29"
"Zhigen","Aseltine","1986-01-23"
"Marit","McDermid","1986-08-20"
"DAIDA","Bruckman","1986-10-16"
"Augustine","Gomatam","1986-07-23"
"Howell","Takkinen","1986-06-02"
"Mari","Kambil","1986-08-26"
"Hideo","Maquelin","1986-04-19"
"Filipe","Muhlberg","1986-09-23"
"Douadi","Schwaller","1986-11-30"
"Taiji","Lorie","1986-07-19"
"Abdulla","Gerlach","1986-06-13"
"Yucel","Kowalchuk","1986-05-29"
"Parto","Poupard","1986-02-19"
"Kinh","Dengi","1986-09-10"
"Christoph","Lovengreen","1986-08-24"
"Weicheng","Parascandalo","1986-06-02"
"Irene","Kolvik","1986-11-09"
"Youjian","Chiola","1986-12-12"
"Karsten","Geffroy","1986-08-13"
"Stabislas","Luit","1986-02-23"
"Pragnesh","Acton","1986-11-04"
"Gennadi","Soicher","1986-02-20"
"Paddy","Gien","1986-03-14"
"Vishwani","Erdmenger","1986-02-03"
"Zongyan","Jeansoulin","1986-08-01"
"Elrique","Ravishankar","1986-09-05"
"Guadalupe","Stavenow","1986-03-30"
"Tsvetan","Stranks","1986-05-20"
"Khue","Keohane","1986-07-20"
"Tayeb","Grospietsch","1986-11-30"
"Jingling","Kavanagh","1986-04-17"
"Jordanka","Stentiford","1986-05-05"
"Eishiro","Khalil","1986-10-13"
"Ravishankar","Erez","1986-06-22"
"Tzvetan","Zweizig","1986-03-14"
"Heather","Hitomi","1986-05-23"
"Howell","Kruskal","1986-07-14"
"Serif","Adachi","1986-02-17"
"Vugranam","Roohalamini","1986-06-12"
"Goo","Wroclawski","1986-12-14"
"Subir","Matzel","1986-06-20"
"Olivera","Swiss","1986-12-02"
"Demin","Byoun","1986-03-07"
"Munir","Veldwijk","1986-03-17"
"Freyja","Jiafu","1986-03-23"
"Mahmut","Skafidas","1986-03-16"
"KayLiang","Fargier","1986-02-23"
"Billie","Macedo","1986-10-03"
"Srinidhi","Vickson","1986-06-07"
"Boutros","Ozeri","1986-07-19"
"Miyeon","Ullian","1986-10-19"
"Make","Schaad","1986-10-08"
"Pranjal","Mukaidono","1986-06-15"
"Jungsoon","Fadgyas","1986-06-21"
"Amabile","Schaaf","1986-08-28"
"Nevin","Fadgyas","1986-02-18"
"Chuanyi","Schaad","1986-09-25"
"Mingsen","Sidou","1986-08-11"
"Khaled","Panwar","1986-07-06"
"Satosi","Kakkad","1986-10-21"
"Ebbe","Ermel","1986-06-15"
"Adly","Pelc","1986-01-11"
"Anyuan","Bierman","1986-06-13"
"Aamod","Shumilov","1986-09-18"
"Vasilis","Szilard","1986-07-29"
"Flemming","Baba","1986-02-12"
"Shigenori","Fadgyas","1986-12-02"
"Bodh","Moehrke","1986-01-11"
"Ingmar","Massonet","1986-03-31"
"Freyja","Chinal","1986-11-08"
"Genki","Kragelund","1986-03-28"
"Niteen","Ruther","1986-12-11"
"Vidya","Lambe","1986-07-16"
"Debatosh","Botman","1986-03-15"
"Kiam","Botman","1986-11-17"
"Akemi","Salvesen","1986-11-14"
"Takushi","Kalorkoti","1986-06-21"
"Mitsuyuki","Jarecki","1986-01-12"
"Anyuan","Cannane","1986-02-02"
"Akemi","Fujisaki","1986-12-16"
"Zita","Feinberg","1986-04-21"
"Erez","Picaronny","1986-12-22"
"Karlis","Merkl","1986-05-05"
"Alejandro","Liesche","1986-09-08"
"Lucien","Riesenhuber","1986-09-04"
"Akhilish","Kamber","1986-04-29"
"Jaideep","Koshiba","1986-09-16"
"Valeri","Kossowski","1986-03-04"
"Martina","Perfilyeva","1986-01-12"
"Toong","Shinomoto","1986-01-27"
"Boutros","Chiodo","1986-08-10"
"Chrisa","Zeleznik","1986-12-09"
"Kazuhisa","Underwood","1986-05-29"
"Luerbio","Nilsson","1986-11-17"
"Jiang","Angelov","1986-12-12"
"Teiji","Chartres","1986-04-04"
"Goetz","Anido","1986-10-26"
"Tomokazu","Muhlberg","1986-12-18"
"Ult","Eugenio","1986-07-11"
"Mohd","Fujisawa","1986-09-07"
"Martial","Molenaar","1986-03-30"
"Masamitsu","Hiraishi","1986-04-10"
"Conrado","Rettelbach","1986-03-20"
"Thodoros","Luders","1986-11-09"
"Tuval","Lamparter","1986-11-06"
"Demin","Daescu","1986-09-19"
"Ziva","Fiutem","1986-01-28"
"Yagil","Apsitis","1986-09-18"
"Khalil","Bolsens","1986-08-04"
"Krisda","Thibadeau","1986-03-08"
"Tomokazu","Yetim","1986-07-06"
"Georgy","Bouloucos","1986-10-16"
"Samphel","Uehara","1986-09-29"
"Mansur","Riesenhuber","1986-09-15"
"Reinhold","Perz","1986-05-15"
"Flemming","Kavanagh","1986-11-03"
"Serge","Chaudhury","1986-01-04"
"Demin","Silva","1986-04-27"
"Rasikan","Beetstra","1986-03-05"
"Kamakshi","Chachaty","1986-08-27"
"Yuguang","Marquardt","1986-12-27"
"Heather","Ratzlaff","1986-02-08"
"Yinghua","Baca","1986-03-16"
"Kwee","Snedden","1986-06-20"
"Masanao","Smeets","1986-04-06"
"Juichirou","Marshall","1986-02-22"
"Mooi","Casley","1986-10-29"
"Denny","Ozeki","1986-11-17"
"Chriss","Genther","1986-08-25"
"Jiann","McFarlan","1986-02-04"
"Gila","Schreiter","1986-07-06"
"Rasiah","Bouloucos","1986-02-16"
"Dung","Zongker","1986-05-29"
"Karlis","Chimia","1986-12-12"
"Elliott","Pluym","1986-04-23"
